Kalibrierung;m;b
lo->hi (Kal 1);-0.6444885289280372;776.4689752386078
hi->lo (Kal 2);-0.6437936562314858;775.4090784389178
