Kalibrierung;m;b
lo->hi (Kal 1);-0.6489134062889188;781.0836501940593
hi->lo (Kal 2);-0.6470891759764329;778.8490826792972
