Kalibrierung;m;b
lo->hi (Kal 1);12.0;781.0836513047533
hi->lo (Kal 2);-0.6470897727698597;778.8496969863966
