Kalibrierung;m;b
lo->hi (Kal 1);-0.6472796146056411;779.3726560594712
hi->lo (Kal 2);-0.6431495919863887;774.7686744377365
