Kalibrierung;m;b
lo->hi (Kal 1);-0.6441622266518656;776.1771471309567
hi->lo (Kal 2);-0.6442848776561132;775.9547888760882
